{
  "n_positives": 340,
  "n_negatives": 340,
  "neg_pool_size": 8941,
  "raw": {
    "brier": 0.3990025639508852,
    "log_loss": 1.2222985352942415,
    "ece": 0.38469692980322817
  },
  "calibrated": {
    "brier": 0.23992362491366065,
    "log_loss": 0.6678743960915297,
    "ece": 1.8555418639507214e-15
  },
  "improvement": {
    "brier_pct": 39.869152083144556,
    "log_loss_pct": 45.35914289296325,
    "ece_pct": 99.99999999999952
  },
  "n_checkpoints": 7
}